{
    "enabled": true,
    "neededInstalledMods": [],
    "neededUninstalledMods": [],
    "spawns": [
        {
            "id": "articuno-1",
            "pokemon": "articuno",
            "presets": [
                "natural"
            ],
            "type": "pokemon",
            "context": "grounded",
            "bucket": "ultra-rare",
            "level": "50-70",
            "weight": 5.0,
            "condition": {
                "biomes": [
                    "#cobblemon:is_snowy",
                    "#cobblemon:is_mountain"
                ],
                "canSeeSky": true
            }
        }
    ]
 }
 