{
    "enabled": true,
    "neededInstalledMods": [],
    "neededUninstalledMods": [],
    "spawns": [
        {
            "id": "mewtwo-1",
            "pokemon": "mewtwo",
            "presets": [
                "natural"
            ],
            "type": "pokemon",
            "context": "grounded",
            "bucket": "ultra-rare",
            "level": "70-100",
            "weight": 1.0,
            "condition": {
                "biomes": [
                    "#cobblemon:is_mountain",
                    "#cobblemon:is_cave"
                ]
            }
        }
    ]
 }
 