{
    "enabled": true,
    "neededInstalledMods": [],
    "neededUninstalledMods": [],
    "spawns": [
      {
        "id": "poipole-1",
        "pokemon": "poipole",
        "presets": [
          "natural"
        ],
        "type": "pokemon",
        "context": "grounded",
        "bucket": "ultra-rare",
        "level": "40-60",
        "weight": 4.0,
        "condition": {
          "biomes": [
            "#cobblemon:is_rare_forest",
            "#cobblemon:is_hills"
          ],
          "weather": "clear"
        }
      }
    ]
  }
  