{
    "enabled": true,
    "neededInstalledMods": [],
    "neededUninstalledMods": [],
    "spawns": [
        {
            "id": "regidrago-1",
            "pokemon": "regidrago",
            "presets": [
                "natural"
            ],
            "type": "pokemon",
            "context": "grounded",
            "bucket": "ultra-rare",
            "level": "50-70",
            "weight": 5.0,
            "condition": {
                "biomes": [
                    "#cobblemon:is_badlands",
                    "#cobblemon:is_cave"
                ],
                "neededNearbyBlocks": [
                    "minecraft:obsidian"
                ]
            }
        }
    ]
 }
 