{
    "enabled": true,
    "neededInstalledMods": [],
    "neededUninstalledMods": [],
    "spawns": [
        {
            "id": "regieleki-1",
            "pokemon": "regieleki",
            "presets": [
                "natural"
            ],
            "type": "pokemon",
            "context": "grounded",
            "bucket": "ultra-rare",
            "level": "50-70",
            "weight": 5.0,
            "condition": {
                "biomes": [
                    "#cobblemon:is_plains",
                    "#cobblemon:is_hills"
                ]
            }
        }
    ]
 }
 