{
    "enabled": true,
    "neededInstalledMods": [],
    "neededUninstalledMods": [],
    "spawns": [
        {
            "id": "regigigas-1",
            "pokemon": "regigigas",
            "presets": [
                "natural"
            ],
            "type": "pokemon",
            "context": "grounded",
            "bucket": "ultra-rare",
            "level": "70-100",
            "weight": 3.0,
            "condition": {
                "biomes": [
                    "#cobblemon:is_mountain"
                ],
                "neededNearbyBlocks": [
                    "minecraft:stone"
                ]
            }
        }
    ]
 }
 