{
    "enabled": true,
    "neededInstalledMods": [],
    "neededUninstalledMods": [],
    "spawns": [
      {
        "id": "walkingwake-1",
        "pokemon": "walkingwake",
        "presets": [
          "natural"
        ],
        "type": "pokemon",
        "context": "grounded",
        "bucket": "ultra-rare",
        "level": "75-75",
        "weight": 2.0,
        "condition": {
          "biomes": [
            "minecraft:desert",
            "minecraft:badlands"
          ],
          "weather": "rain",
          "neededNearbyBlocks": [
            "minecraft:sand",
            "minecraft:water"
          ]
        }
      }
    ]
  }
  