{
    "enabled": true,
    "neededInstalledMods": [],
    "neededUninstalledMods": [],
    "spawns": [
      {
        "id": "xerneas-1",
        "pokemon": "xerneas",
        "presets": [
          "natural"
        ],
        "type": "pokemon",
        "context": "grounded",
        "bucket": "ultra-rare",
        "level": "70-70",
        "weight": 5.0,
        "condition": {
          "biomes": [
            "minecraft:flower_forest",
            "minecraft:birch_forest"
          ],
          "neededNearbyBlocks": [
            "minecraft:grass_block",
            "minecraft:flowers"
          ]
        }
      }
    ]
  }
  